INSERT INTO nutrient_type (id, title) VALUES (1, "nutrient type entry 1");INSERT INTO nutrient_type (id, title) VALUES (2, "nutrient type entry 2");INSERT INTO nutrient_type (id, title) VALUES (3, "nutrient type entry 3");INSERT INTO nutrient_type (id, title) VALUES (4, "nutrient type entry 4");INSERT INTO nutrient (id, title, nutrient_type_id) VALUES (1, "nutrient 1", 4);INSERT INTO nutrient (id, title, nutrient_type_id) VALUES (2, "nutrient 2", 2);INSERT INTO nutrient (id, title, nutrient_type_id) VALUES (3, "nutrient 3", 4);INSERT INTO nutrient (id, title, nutrient_type_id) VALUES (4, "nutrient 4", 3);INSERT INTO nutrient (id, title, nutrient_type_id) VALUES (5, "nutrient 5", 2);INSERT INTO nutrient (id, title, nutrient_type_id) VALUES (6, "nutrient 6", 1);INSERT INTO nutrient (id, title, nutrient_type_id) VALUES (7, "nutrient 7", 1);INSERT INTO nutrient (id, title, nutrient_type_id) VALUES (8, "nutrient 8", 3);INSERT INTO nutrient (id, title, nutrient_type_id) VALUES (9, "nutrient 9", 4);INSERT INTO consumable_type_parent (id, title) VALUES (1, "consumable type parent 1");INSERT INTO consumable_type_parent (id, title) VALUES (2, "consumable type parent 2");INSERT INTO consumable_type (id, title, consumable_type_parent_id) VALUES (1, "consumable type 1", 1);INSERT INTO consumable_type (id, title, consumable_type_parent_id) VALUES (2, "consumable type 2", 2);INSERT INTO consumable_type (id, title, consumable_type_parent_id) VALUES (3, "consumable type 3", 1);INSERT INTO consumable_type (id, title, consumable_type_parent_id) VALUES (4, "consumable type 4", 1);INSERT INTO consumable_type (id, title, consumable_type_parent_id) VALUES (5, "consumable type 5", 1);INSERT INTO consumable_type (id, title, consumable_type_parent_id) VALUES (6, "consumable type 6", 2);INSERT INTO consumable_type (id, title, consumable_type_parent_id) VALUES (7, "consumable type 7", 1);INSERT INTO consumable_type (id, title, consumable_type_parent_id) VALUES (8, "consumable type 8", 1);INSERT INTO consumable_type (id, title, consumable_type_parent_id) VALUES (9, "consumable type 9", 2);INSERT INTO consumable (id, title, calories, consumable_type_id) VALUES (1, "consumable1", 4.8, 9);INSERT INTO consumable (id, title, calories, consumable_type_id) VALUES (2, "consumable2", 6435.77, 3);INSERT INTO consumable (id, title, calories, consumable_type_id) VALUES (3, "consumable3", 995.94, 7);INSERT INTO consumable (id, title, calories, consumable_type_id) VALUES (4, "consumable4", 4.47, 9);INSERT INTO consumable (id, title, calories, consumable_type_id) VALUES (5, "consumable5", 916.35, 9);INSERT INTO consumable (id, title, calories, consumable_type_id) VALUES (6, "consumable6", 528.81, 8);INSERT INTO consumable (id, title, calories, consumable_type_id) VALUES (7, "consumable7", 222.68, 3);INSERT INTO consumable (id, title, calories, consumable_type_id) VALUES (8, "consumable8", 4.9, 4);INSERT INTO consumable (id, title, calories, consumable_type_id) VALUES (9, "consumable9", 854.44, 6);INSERT INTO consumable (id, title, calories, consumable_type_id) VALUES (10, "consumable10", 883.92, 2);INSERT INTO consumable (id, title, calories, consumable_type_id) VALUES (11, "consumable11", 5.64, 7);INSERT INTO consumable (id, title, calories, consumable_type_id) VALUES (12, "consumable12", 882.48, 6);INSERT INTO consumable (id, title, calories, consumable_type_id) VALUES (13, "consumable13", 51.77, 1);INSERT INTO consumable (id, title, calories, consumable_type_id) VALUES (14, "consumable14", 21.01, 4);INSERT INTO consumable (id, title, calories, consumable_type_id) VALUES (15, "consumable15", 3707.9, 8);INSERT INTO consumable (id, title, calories, consumable_type_id) VALUES (16, "consumable16", 868.55, 7);INSERT INTO consumable (id, title, calories, consumable_type_id) VALUES (17, "consumable17", 2.46, 5);INSERT INTO consumable (id, title, calories, consumable_type_id) VALUES (18, "consumable18", 2.73, 7);INSERT INTO consumable (id, title, calories, consumable_type_id) VALUES (19, "consumable19", 9312.8, 5);INSERT INTO consumable (id, title, calories, consumable_type_id) VALUES (20, "consumable20", 224.37, 9);INSERT INTO consumable (id, title, calories, consumable_type_id) VALUES (21, "consumable21", 6780.86, 3);INSERT INTO consumable (id, title, calories, consumable_type_id) VALUES (22, "consumable22", 6.52, 2);INSERT INTO consumable (id, title, calories, consumable_type_id) VALUES (23, "consumable23", 570.75, 5);INSERT INTO consumable (id, title, calories, consumable_type_id) VALUES (24, "consumable24", 0.17, 9);INSERT INTO consumable (id, title, calories, consumable_type_id) VALUES (25, "consumable25", 3405.8, 8);INSERT INTO consumable (id, title, calories, consumable_type_id) VALUES (26, "consumable26", 37.18, 3);INSERT INTO consumable (id, title, calories, consumable_type_id) VALUES (27, "consumable27", 5026.71, 2);INSERT INTO consumable (id, title, calories, consumable_type_id) VALUES (28, "consumable28", 6814.94, 1);INSERT INTO consumable (id, title, calories, consumable_type_id) VALUES (29, "consumable29", 9.69, 7);INSERT INTO consumable (id, title, calories, consumable_type_id) VALUES (30, "consumable30", 979.88, 3);INSERT INTO consumable (id, title, calories, consumable_type_id) VALUES (31, "consumable31", 64.62, 2);INSERT INTO consumable (id, title, calories, consumable_type_id) VALUES (32, "consumable32", 8.25, 1);INSERT INTO consumable (id, title, calories, consumable_type_id) VALUES (33, "consumable33", 0.02, 8);INSERT INTO consumable (id, title, calories, consumable_type_id) VALUES (34, "consumable34", 3.7, 8);INSERT INTO consumable (id, title, calories, consumable_type_id) VALUES (35, "consumable35", 35.62, 9);INSERT INTO consumable (id, title, calories, consumable_type_id) VALUES (36, "consumable36", 4.8, 9);INSERT INTO consumable (id, title, calories, consumable_type_id) VALUES (37, "consumable37", 582.28, 2);INSERT INTO consumable (id, title, calories, consumable_type_id) VALUES (38, "consumable38", 84.87, 8);INSERT INTO consumable (id, title, calories, consumable_type_id) VALUES (39, "consumable39", 734.3, 5);INSERT INTO consumable (id, title, calories, consumable_type_id) VALUES (40, "consumable40", 31.83, 2);INSERT INTO consumable (id, title, calories, consumable_type_id) VALUES (41, "consumable41", 23.3, 5);INSERT INTO consumable (id, title, calories, consumable_type_id) VALUES (42, "consumable42", 5848.28, 2);INSERT INTO consumable (id, title, calories, consumable_type_id) VALUES (43, "consumable43", 421.35, 7);INSERT INTO consumable (id, title, calories, consumable_type_id) VALUES (44, "consumable44", 20.96, 3);INSERT INTO consumable (id, title, calories, consumable_type_id) VALUES (45, "consumable45", 881.96, 5);INSERT INTO consumable (id, title, calories, consumable_type_id) VALUES (46, "consumable46", 4.45, 1);INSERT INTO consumable (id, title, calories, consumable_type_id) VALUES (47, "consumable47", 24.96, 1);INSERT INTO consumable (id, title, calories, consumable_type_id) VALUES (48, "consumable48", 910.27, 9);INSERT INTO consumable (id, title, calories, consumable_type_id) VALUES (49, "consumable49", 8.43, 2);INSERT INTO consumable (id, title, calories, consumable_type_id) VALUES (50, "consumable50", 3.0, 8);INSERT INTO consumable (id, title, calories, consumable_type_id) VALUES (51, "consumable51", 91.77, 5);INSERT INTO consumable (id, title, calories, consumable_type_id) VALUES (52, "consumable52", 9421.04, 6);INSERT INTO consumable (id, title, calories, consumable_type_id) VALUES (53, "consumable53", 4.26, 8);INSERT INTO consumable (id, title, calories, consumable_type_id) VALUES (54, "consumable54", 688.12, 7);INSERT INTO consumable (id, title, calories, consumable_type_id) VALUES (55, "consumable55", 60.0, 9);INSERT INTO consumable (id, title, calories, consumable_type_id) VALUES (56, "consumable56", 6.84, 5);INSERT INTO consumable (id, title, calories, consumable_type_id) VALUES (57, "consumable57", 16.44, 7);INSERT INTO consumable (id, title, calories, consumable_type_id) VALUES (58, "consumable58", 3848.89, 4);INSERT INTO consumable (id, title, calories, consumable_type_id) VALUES (59, "consumable59", 54.82, 7);INSERT INTO consumable (id, title, calories, consumable_type_id) VALUES (60, "consumable60", 43.76, 6);INSERT INTO consumable (id, title, calories, consumable_type_id) VALUES (61, "consumable61", 889.03, 1);INSERT INTO consumable (id, title, calories, consumable_type_id) VALUES (62, "consumable62", 95.27, 3);INSERT INTO consumable (id, title, calories, consumable_type_id) VALUES (63, "consumable63", 77.61, 8);INSERT INTO consumable (id, title, calories, consumable_type_id) VALUES (64, "consumable64", 34.68, 8);INSERT INTO consumable (id, title, calories, consumable_type_id) VALUES (65, "consumable65", 50.65, 9);INSERT INTO consumable (id, title, calories, consumable_type_id) VALUES (66, "consumable66", 1202.78, 9);INSERT INTO consumable (id, title, calories, consumable_type_id) VALUES (67, "consumable67", 7.26, 5);INSERT INTO consumable (id, title, calories, consumable_type_id) VALUES (68, "consumable68", 42.35, 3);INSERT INTO consumable (id, title, calories, consumable_type_id) VALUES (69, "consumable69", 7706.75, 6);INSERT INTO consumable (id, title, calories, consumable_type_id) VALUES (70, "consumable70", 6115.29, 8);INSERT INTO consumable (id, title, calories, consumable_type_id) VALUES (71, "consumable71", 567.8, 7);INSERT INTO consumable (id, title, calories, consumable_type_id) VALUES (72, "consumable72", 5283.73, 5);INSERT INTO consumable (id, title, calories, consumable_type_id) VALUES (73, "consumable73", 20.89, 7);INSERT INTO consumable (id, title, calories, consumable_type_id) VALUES (74, "consumable74", 839.32, 6);INSERT INTO consumable (id, title, calories, consumable_type_id) VALUES (75, "consumable75", 602.97, 9);INSERT INTO consumable (id, title, calories, consumable_type_id) VALUES (76, "consumable76", 36.92, 7);INSERT INTO consumable (id, title, calories, consumable_type_id) VALUES (77, "consumable77", 82.7, 2);INSERT INTO consumable (id, title, calories, consumable_type_id) VALUES (78, "consumable78", 6.43, 8);INSERT INTO consumable (id, title, calories, consumable_type_id) VALUES (79, "consumable79", 4885.94, 6);INSERT INTO consumable (id, title, calories, consumable_type_id) VALUES (80, "consumable80", 0.56, 7);INSERT INTO consumable (id, title, calories, consumable_type_id) VALUES (81, "consumable81", 4.91, 2);INSERT INTO consumable (id, title, calories, consumable_type_id) VALUES (82, "consumable82", 1.71, 4);INSERT INTO consumable (id, title, calories, consumable_type_id) VALUES (83, "consumable83", 417.55, 7);INSERT INTO consumable (id, title, calories, consumable_type_id) VALUES (84, "consumable84", 441.92, 5);INSERT INTO consumable (id, title, calories, consumable_type_id) VALUES (85, "consumable85", 1860.32, 7);INSERT INTO consumable (id, title, calories, consumable_type_id) VALUES (86, "consumable86", 8116.66, 5);INSERT INTO consumable (id, title, calories, consumable_type_id) VALUES (87, "consumable87", 93.12, 4);INSERT INTO consumable (id, title, calories, consumable_type_id) VALUES (88, "consumable88", 2504.9, 9);INSERT INTO consumable (id, title, calories, consumable_type_id) VALUES (89, "consumable89", 642.32, 2);INSERT INTO consumable (id, title, calories, consumable_type_id) VALUES (90, "consumable90", 947.79, 5);INSERT INTO consumable (id, title, calories, consumable_type_id) VALUES (91, "consumable91", 537.84, 1);INSERT INTO consumable (id, title, calories, consumable_type_id) VALUES (92, "consumable92", 4382.03, 5);INSERT INTO consumable (id, title, calories, consumable_type_id) VALUES (93, "consumable93", 722.17, 3);INSERT INTO consumable (id, title, calories, consumable_type_id) VALUES (94, "consumable94", 779.02, 1);INSERT INTO consumable (id, title, calories, consumable_type_id) VALUES (95, "consumable95", 85.18, 8);INSERT INTO consumable (id, title, calories, consumable_type_id) VALUES (96, "consumable96", 9.97, 7);INSERT INTO consumable (id, title, calories, consumable_type_id) VALUES (97, "consumable97", 7163.92, 6);INSERT INTO consumable (id, title, calories, consumable_type_id) VALUES (98, "consumable98", 782.56, 7);INSERT INTO consumable (id, title, calories, consumable_type_id) VALUES (99, "consumable99", 1580.13, 3);INSERT INTO consumable_has_nutrient (nutrient_id, consumable_id, value) VALUES (3, 1, 313.74);INSERT INTO consumable_has_nutrient (nutrient_id, consumable_id, value) VALUES (5, 2, 7.34);INSERT INTO consumable_has_nutrient (nutrient_id, consumable_id, value) VALUES (3, 3, 81.06);INSERT INTO consumable_has_nutrient (nutrient_id, consumable_id, value) VALUES (7, 3, 5.02);INSERT INTO consumable_has_nutrient (nutrient_id, consumable_id, value) VALUES (2, 4, 7359.42);INSERT INTO consumable_has_nutrient (nutrient_id, consumable_id, value) VALUES (7, 5, 994.77);INSERT INTO consumable_has_nutrient (nutrient_id, consumable_id, value) VALUES (1, 5, 880.11);INSERT INTO consumable_has_nutrient (nutrient_id, consumable_id, value) VALUES (9, 5, 42.78);INSERT INTO consumable_has_nutrient (nutrient_id, consumable_id, value) VALUES (4, 5, 6.15);INSERT INTO consumable_has_nutrient (nutrient_id, consumable_id, value) VALUES (7, 6, 1792.78);INSERT INTO consumable_has_nutrient (nutrient_id, consumable_id, value) VALUES (5, 6, 468.32);INSERT INTO consumable_has_nutrient (nutrient_id, consumable_id, value) VALUES (9, 6, 96.78);INSERT INTO consumable_has_nutrient (nutrient_id, consumable_id, value) VALUES (4, 6, 18.82);INSERT INTO consumable_has_nutrient (nutrient_id, consumable_id, value) VALUES (5, 7, 38.78);INSERT INTO consumable_has_nutrient (nutrient_id, consumable_id, value) VALUES (2, 8, 1.15);INSERT INTO consumable_has_nutrient (nutrient_id, consumable_id, value) VALUES (7, 8, 8.94);INSERT INTO consumable_has_nutrient (nutrient_id, consumable_id, value) VALUES (9, 8, 6831.35);INSERT INTO consumable_has_nutrient (nutrient_id, consumable_id, value) VALUES (8, 8, 9415.11);INSERT INTO consumable_has_nutrient (nutrient_id, consumable_id, value) VALUES (1, 8, 155.63);INSERT INTO consumable_has_nutrient (nutrient_id, consumable_id, value) VALUES (2, 9, 64.95);INSERT INTO consumable_has_nutrient (nutrient_id, consumable_id, value) VALUES (3, 9, 47.48);INSERT INTO consumable_has_nutrient (nutrient_id, consumable_id, value) VALUES (1, 9, 27.02);INSERT INTO consumable_has_nutrient (nutrient_id, consumable_id, value) VALUES (4, 10, 100.25);INSERT INTO consumable_has_nutrient (nutrient_id, consumable_id, value) VALUES (9, 11, 287.77);INSERT INTO consumable_has_nutrient (nutrient_id, consumable_id, value) VALUES (7, 11, 98.05);INSERT INTO consumable_has_nutrient (nutrient_id, consumable_id, value) VALUES (4, 11, 0.05);INSERT INTO consumable_has_nutrient (nutrient_id, consumable_id, value) VALUES (7, 12, 848.52);INSERT INTO consumable_has_nutrient (nutrient_id, consumable_id, value) VALUES (5, 12, 567.99);INSERT INTO consumable_has_nutrient (nutrient_id, consumable_id, value) VALUES (5, 13, 842.55);INSERT INTO consumable_has_nutrient (nutrient_id, consumable_id, value) VALUES (8, 13, 96.27);INSERT INTO consumable_has_nutrient (nutrient_id, consumable_id, value) VALUES (9, 13, 5.76);INSERT INTO consumable_has_nutrient (nutrient_id, consumable_id, value) VALUES (2, 13, 4781.37);INSERT INTO consumable_has_nutrient (nutrient_id, consumable_id, value) VALUES (1, 13, 4689.23);INSERT INTO consumable_has_nutrient (nutrient_id, consumable_id, value) VALUES (7, 14, 7.22);INSERT INTO consumable_has_nutrient (nutrient_id, consumable_id, value) VALUES (6, 14, 600.2);INSERT INTO consumable_has_nutrient (nutrient_id, consumable_id, value) VALUES (9, 14, 298.83);INSERT INTO consumable_has_nutrient (nutrient_id, consumable_id, value) VALUES (1, 15, 811.94);INSERT INTO consumable_has_nutrient (nutrient_id, consumable_id, value) VALUES (5, 15, 3.66);INSERT INTO consumable_has_nutrient (nutrient_id, consumable_id, value) VALUES (3, 15, 6.67);INSERT INTO consumable_has_nutrient (nutrient_id, consumable_id, value) VALUES (1, 16, 325.71);INSERT INTO consumable_has_nutrient (nutrient_id, consumable_id, value) VALUES (7, 16, 58.43);INSERT INTO consumable_has_nutrient (nutrient_id, consumable_id, value) VALUES (5, 17, 982.15);INSERT INTO consumable_has_nutrient (nutrient_id, consumable_id, value) VALUES (9, 18, 7478.39);INSERT INTO consumable_has_nutrient (nutrient_id, consumable_id, value) VALUES (5, 18, 99.41);INSERT INTO consumable_has_nutrient (nutrient_id, consumable_id, value) VALUES (7, 18, 3487.21);INSERT INTO consumable_has_nutrient (nutrient_id, consumable_id, value) VALUES (3, 19, 8073.76);INSERT INTO consumable_has_nutrient (nutrient_id, consumable_id, value) VALUES (8, 19, 9220.0);INSERT INTO consumable_has_nutrient (nutrient_id, consumable_id, value) VALUES (2, 19, 63.8);INSERT INTO consumable_has_nutrient (nutrient_id, consumable_id, value) VALUES (5, 19, 0.15);INSERT INTO consumable_has_nutrient (nutrient_id, consumable_id, value) VALUES (8, 20, 1.47);INSERT INTO consumable_has_nutrient (nutrient_id, consumable_id, value) VALUES (5, 20, 85.88);INSERT INTO consumable_has_nutrient (nutrient_id, consumable_id, value) VALUES (3, 21, 77.29);INSERT INTO consumable_has_nutrient (nutrient_id, consumable_id, value) VALUES (5, 21, 777.62);INSERT INTO consumable_has_nutrient (nutrient_id, consumable_id, value) VALUES (9, 21, 4302.93);INSERT INTO consumable_has_nutrient (nutrient_id, consumable_id, value) VALUES (8, 22, 808.46);INSERT INTO consumable_has_nutrient (nutrient_id, consumable_id, value) VALUES (4, 22, 79.63);INSERT INTO consumable_has_nutrient (nutrient_id, consumable_id, value) VALUES (9, 22, 8.4);INSERT INTO consumable_has_nutrient (nutrient_id, consumable_id, value) VALUES (7, 22, 877.38);INSERT INTO consumable_has_nutrient (nutrient_id, consumable_id, value) VALUES (6, 22, 84.64);INSERT INTO consumable_has_nutrient (nutrient_id, consumable_id, value) VALUES (4, 23, 66.51);INSERT INTO consumable_has_nutrient (nutrient_id, consumable_id, value) VALUES (3, 24, 97.75);INSERT INTO consumable_has_nutrient (nutrient_id, consumable_id, value) VALUES (1, 24, 771.15);INSERT INTO consumable_has_nutrient (nutrient_id, consumable_id, value) VALUES (1, 25, 4.94);INSERT INTO consumable_has_nutrient (nutrient_id, consumable_id, value) VALUES (8, 26, 25.96);INSERT INTO consumable_has_nutrient (nutrient_id, consumable_id, value) VALUES (1, 27, 127.89);INSERT INTO consumable_has_nutrient (nutrient_id, consumable_id, value) VALUES (1, 28, 2.54);INSERT INTO consumable_has_nutrient (nutrient_id, consumable_id, value) VALUES (8, 28, 78.16);INSERT INTO consumable_has_nutrient (nutrient_id, consumable_id, value) VALUES (4, 28, 14.33);INSERT INTO consumable_has_nutrient (nutrient_id, consumable_id, value) VALUES (2, 28, 486.54);INSERT INTO consumable_has_nutrient (nutrient_id, consumable_id, value) VALUES (2, 29, 3.22);INSERT INTO consumable_has_nutrient (nutrient_id, consumable_id, value) VALUES (6, 29, 6671.08);INSERT INTO consumable_has_nutrient (nutrient_id, consumable_id, value) VALUES (7, 29, 4451.49);INSERT INTO consumable_has_nutrient (nutrient_id, consumable_id, value) VALUES (1, 29, 87.73);INSERT INTO consumable_has_nutrient (nutrient_id, consumable_id, value) VALUES (5, 29, 58.85);INSERT INTO consumable_has_nutrient (nutrient_id, consumable_id, value) VALUES (3, 30, 2434.5);INSERT INTO consumable_has_nutrient (nutrient_id, consumable_id, value) VALUES (7, 30, 711.56);INSERT INTO consumable_has_nutrient (nutrient_id, consumable_id, value) VALUES (4, 30, 56.43);INSERT INTO consumable_has_nutrient (nutrient_id, consumable_id, value) VALUES (1, 30, 9592.61);INSERT INTO consumable_has_nutrient (nutrient_id, consumable_id, value) VALUES (7, 31, 285.3);INSERT INTO consumable_has_nutrient (nutrient_id, consumable_id, value) VALUES (5, 31, 1.08);INSERT INTO consumable_has_nutrient (nutrient_id, consumable_id, value) VALUES (3, 31, 6435.99);INSERT INTO consumable_has_nutrient (nutrient_id, consumable_id, value) VALUES (9, 32, 58.65);INSERT INTO consumable_has_nutrient (nutrient_id, consumable_id, value) VALUES (2, 32, 1960.39);INSERT INTO consumable_has_nutrient (nutrient_id, consumable_id, value) VALUES (8, 33, 7.02);INSERT INTO consumable_has_nutrient (nutrient_id, consumable_id, value) VALUES (2, 33, 77.22);INSERT INTO consumable_has_nutrient (nutrient_id, consumable_id, value) VALUES (4, 33, 3988.03);INSERT INTO consumable_has_nutrient (nutrient_id, consumable_id, value) VALUES (2, 34, 682.33);INSERT INTO consumable_has_nutrient (nutrient_id, consumable_id, value) VALUES (9, 34, 1.39);INSERT INTO consumable_has_nutrient (nutrient_id, consumable_id, value) VALUES (7, 34, 43.28);INSERT INTO consumable_has_nutrient (nutrient_id, consumable_id, value) VALUES (7, 35, 48.21);INSERT INTO consumable_has_nutrient (nutrient_id, consumable_id, value) VALUES (9, 35, 9047.03);INSERT INTO consumable_has_nutrient (nutrient_id, consumable_id, value) VALUES (5, 35, 45.29);INSERT INTO consumable_has_nutrient (nutrient_id, consumable_id, value) VALUES (1, 35, 6.45);INSERT INTO consumable_has_nutrient (nutrient_id, consumable_id, value) VALUES (6, 36, 249.06);INSERT INTO consumable_has_nutrient (nutrient_id, consumable_id, value) VALUES (7, 36, 5025.9);INSERT INTO consumable_has_nutrient (nutrient_id, consumable_id, value) VALUES (9, 36, 8.31);INSERT INTO consumable_has_nutrient (nutrient_id, consumable_id, value) VALUES (1, 36, 4.67);INSERT INTO consumable_has_nutrient (nutrient_id, consumable_id, value) VALUES (8, 36, 7.9);INSERT INTO consumable_has_nutrient (nutrient_id, consumable_id, value) VALUES (7, 37, 67.47);INSERT INTO consumable_has_nutrient (nutrient_id, consumable_id, value) VALUES (7, 38, 625.33);INSERT INTO consumable_has_nutrient (nutrient_id, consumable_id, value) VALUES (6, 38, 30.58);INSERT INTO consumable_has_nutrient (nutrient_id, consumable_id, value) VALUES (8, 38, 39.56);INSERT INTO consumable_has_nutrient (nutrient_id, consumable_id, value) VALUES (2, 38, 0.55);INSERT INTO consumable_has_nutrient (nutrient_id, consumable_id, value) VALUES (8, 39, 818.21);INSERT INTO consumable_has_nutrient (nutrient_id, consumable_id, value) VALUES (1, 39, 5027.33);INSERT INTO consumable_has_nutrient (nutrient_id, consumable_id, value) VALUES (2, 40, 16.36);INSERT INTO consumable_has_nutrient (nutrient_id, consumable_id, value) VALUES (3, 41, 650.75);INSERT INTO consumable_has_nutrient (nutrient_id, consumable_id, value) VALUES (2, 41, 678.76);INSERT INTO consumable_has_nutrient (nutrient_id, consumable_id, value) VALUES (1, 42, 8.28);INSERT INTO consumable_has_nutrient (nutrient_id, consumable_id, value) VALUES (2, 42, 3.28);INSERT INTO consumable_has_nutrient (nutrient_id, consumable_id, value) VALUES (5, 42, 960.01);INSERT INTO consumable_has_nutrient (nutrient_id, consumable_id, value) VALUES (7, 42, 8.7);INSERT INTO consumable_has_nutrient (nutrient_id, consumable_id, value) VALUES (1, 43, 5729.46);INSERT INTO consumable_has_nutrient (nutrient_id, consumable_id, value) VALUES (3, 44, 5.15);INSERT INTO consumable_has_nutrient (nutrient_id, consumable_id, value) VALUES (6, 45, 567.5);INSERT INTO consumable_has_nutrient (nutrient_id, consumable_id, value) VALUES (8, 45, 37.89);INSERT INTO consumable_has_nutrient (nutrient_id, consumable_id, value) VALUES (4, 45, 1546.05);INSERT INTO consumable_has_nutrient (nutrient_id, consumable_id, value) VALUES (2, 45, 4044.54);INSERT INTO consumable_has_nutrient (nutrient_id, consumable_id, value) VALUES (7, 46, 6160.49);INSERT INTO consumable_has_nutrient (nutrient_id, consumable_id, value) VALUES (3, 46, 52.8);INSERT INTO consumable_has_nutrient (nutrient_id, consumable_id, value) VALUES (1, 46, 492.69);INSERT INTO consumable_has_nutrient (nutrient_id, consumable_id, value) VALUES (2, 46, 37.58);INSERT INTO consumable_has_nutrient (nutrient_id, consumable_id, value) VALUES (5, 46, 1.17);INSERT INTO consumable_has_nutrient (nutrient_id, consumable_id, value) VALUES (6, 47, 5.86);INSERT INTO consumable_has_nutrient (nutrient_id, consumable_id, value) VALUES (9, 47, 66.66);INSERT INTO consumable_has_nutrient (nutrient_id, consumable_id, value) VALUES (4, 47, 339.24);INSERT INTO consumable_has_nutrient (nutrient_id, consumable_id, value) VALUES (2, 47, 8.69);INSERT INTO consumable_has_nutrient (nutrient_id, consumable_id, value) VALUES (7, 47, 0.48);INSERT INTO consumable_has_nutrient (nutrient_id, consumable_id, value) VALUES (2, 48, 444.59);INSERT INTO consumable_has_nutrient (nutrient_id, consumable_id, value) VALUES (8, 48, 90.08);INSERT INTO consumable_has_nutrient (nutrient_id, consumable_id, value) VALUES (8, 49, 222.5);INSERT INTO consumable_has_nutrient (nutrient_id, consumable_id, value) VALUES (7, 49, 6375.03);INSERT INTO consumable_has_nutrient (nutrient_id, consumable_id, value) VALUES (2, 49, 7.62);INSERT INTO consumable_has_nutrient (nutrient_id, consumable_id, value) VALUES (3, 50, 3.58);INSERT INTO consumable_has_nutrient (nutrient_id, consumable_id, value) VALUES (5, 50, 8.49);INSERT INTO consumable_has_nutrient (nutrient_id, consumable_id, value) VALUES (3, 51, 6.06);INSERT INTO consumable_has_nutrient (nutrient_id, consumable_id, value) VALUES (2, 52, 68.89);INSERT INTO consumable_has_nutrient (nutrient_id, consumable_id, value) VALUES (9, 52, 7.58);INSERT INTO consumable_has_nutrient (nutrient_id, consumable_id, value) VALUES (5, 52, 9.36);INSERT INTO consumable_has_nutrient (nutrient_id, consumable_id, value) VALUES (1, 52, 94.86);INSERT INTO consumable_has_nutrient (nutrient_id, consumable_id, value) VALUES (6, 52, 8312.58);INSERT INTO consumable_has_nutrient (nutrient_id, consumable_id, value) VALUES (9, 53, 0.58);INSERT INTO consumable_has_nutrient (nutrient_id, consumable_id, value) VALUES (5, 53, 2327.28);INSERT INTO consumable_has_nutrient (nutrient_id, consumable_id, value) VALUES (9, 54, 20.12);INSERT INTO consumable_has_nutrient (nutrient_id, consumable_id, value) VALUES (2, 55, 3.37);INSERT INTO consumable_has_nutrient (nutrient_id, consumable_id, value) VALUES (5, 55, 1.56);INSERT INTO consumable_has_nutrient (nutrient_id, consumable_id, value) VALUES (8, 55, 6.89);INSERT INTO consumable_has_nutrient (nutrient_id, consumable_id, value) VALUES (4, 55, 923.82);INSERT INTO consumable_has_nutrient (nutrient_id, consumable_id, value) VALUES (6, 56, 99.23);INSERT INTO consumable_has_nutrient (nutrient_id, consumable_id, value) VALUES (3, 57, 8.44);INSERT INTO consumable_has_nutrient (nutrient_id, consumable_id, value) VALUES (6, 57, 69.0);INSERT INTO consumable_has_nutrient (nutrient_id, consumable_id, value) VALUES (8, 57, 1.79);INSERT INTO consumable_has_nutrient (nutrient_id, consumable_id, value) VALUES (1, 57, 7304.61);INSERT INTO consumable_has_nutrient (nutrient_id, consumable_id, value) VALUES (7, 57, 777.9);INSERT INTO consumable_has_nutrient (nutrient_id, consumable_id, value) VALUES (9, 58, 251.96);INSERT INTO consumable_has_nutrient (nutrient_id, consumable_id, value) VALUES (2, 58, 1.78);INSERT INTO consumable_has_nutrient (nutrient_id, consumable_id, value) VALUES (6, 58, 756.42);INSERT INTO consumable_has_nutrient (nutrient_id, consumable_id, value) VALUES (7, 59, 5471.4);INSERT INTO consumable_has_nutrient (nutrient_id, consumable_id, value) VALUES (3, 59, 30.41);INSERT INTO consumable_has_nutrient (nutrient_id, consumable_id, value) VALUES (6, 59, 644.82);INSERT INTO consumable_has_nutrient (nutrient_id, consumable_id, value) VALUES (9, 60, 798.73);INSERT INTO consumable_has_nutrient (nutrient_id, consumable_id, value) VALUES (6, 61, 592.11);INSERT INTO consumable_has_nutrient (nutrient_id, consumable_id, value) VALUES (8, 61, 87.07);INSERT INTO consumable_has_nutrient (nutrient_id, consumable_id, value) VALUES (2, 61, 572.89);INSERT INTO consumable_has_nutrient (nutrient_id, consumable_id, value) VALUES (7, 62, 570.95);INSERT INTO consumable_has_nutrient (nutrient_id, consumable_id, value) VALUES (8, 62, 542.59);INSERT INTO consumable_has_nutrient (nutrient_id, consumable_id, value) VALUES (8, 63, 6.93);INSERT INTO consumable_has_nutrient (nutrient_id, consumable_id, value) VALUES (1, 63, 98.26);INSERT INTO consumable_has_nutrient (nutrient_id, consumable_id, value) VALUES (6, 63, 80.51);INSERT INTO consumable_has_nutrient (nutrient_id, consumable_id, value) VALUES (2, 63, 2084.6);INSERT INTO consumable_has_nutrient (nutrient_id, consumable_id, value) VALUES (3, 63, 8.74);INSERT INTO consumable_has_nutrient (nutrient_id, consumable_id, value) VALUES (8, 64, 981.98);INSERT INTO consumable_has_nutrient (nutrient_id, consumable_id, value) VALUES (9, 64, 31.81);INSERT INTO consumable_has_nutrient (nutrient_id, consumable_id, value) VALUES (5, 64, 33.66);INSERT INTO consumable_has_nutrient (nutrient_id, consumable_id, value) VALUES (4, 65, 987.08);INSERT INTO consumable_has_nutrient (nutrient_id, consumable_id, value) VALUES (3, 65, 325.76);INSERT INTO consumable_has_nutrient (nutrient_id, consumable_id, value) VALUES (1, 65, 3.36);INSERT INTO consumable_has_nutrient (nutrient_id, consumable_id, value) VALUES (2, 65, 8.84);INSERT INTO consumable_has_nutrient (nutrient_id, consumable_id, value) VALUES (9, 66, 5056.02);INSERT INTO consumable_has_nutrient (nutrient_id, consumable_id, value) VALUES (1, 66, 390.5);INSERT INTO consumable_has_nutrient (nutrient_id, consumable_id, value) VALUES (6, 66, 2535.66);INSERT INTO consumable_has_nutrient (nutrient_id, consumable_id, value) VALUES (2, 66, 35.85);INSERT INTO consumable_has_nutrient (nutrient_id, consumable_id, value) VALUES (3, 66, 89.23);INSERT INTO consumable_has_nutrient (nutrient_id, consumable_id, value) VALUES (1, 67, 1333.73);INSERT INTO consumable_has_nutrient (nutrient_id, consumable_id, value) VALUES (7, 67, 255.4);INSERT INTO consumable_has_nutrient (nutrient_id, consumable_id, value) VALUES (8, 67, 759.23);INSERT INTO consumable_has_nutrient (nutrient_id, consumable_id, value) VALUES (3, 68, 2847.32);INSERT INTO consumable_has_nutrient (nutrient_id, consumable_id, value) VALUES (1, 68, 8276.79);INSERT INTO consumable_has_nutrient (nutrient_id, consumable_id, value) VALUES (5, 68, 888.23);INSERT INTO consumable_has_nutrient (nutrient_id, consumable_id, value) VALUES (5, 69, 828.38);INSERT INTO consumable_has_nutrient (nutrient_id, consumable_id, value) VALUES (7, 69, 2.06);INSERT INTO consumable_has_nutrient (nutrient_id, consumable_id, value) VALUES (2, 69, 90.67);INSERT INTO consumable_has_nutrient (nutrient_id, consumable_id, value) VALUES (4, 69, 415.82);INSERT INTO consumable_has_nutrient (nutrient_id, consumable_id, value) VALUES (1, 70, 2.49);INSERT INTO consumable_has_nutrient (nutrient_id, consumable_id, value) VALUES (8, 70, 325.48);INSERT INTO consumable_has_nutrient (nutrient_id, consumable_id, value) VALUES (2, 71, 2.7);INSERT INTO consumable_has_nutrient (nutrient_id, consumable_id, value) VALUES (4, 71, 5.22);INSERT INTO consumable_has_nutrient (nutrient_id, consumable_id, value) VALUES (6, 72, 4.33);INSERT INTO consumable_has_nutrient (nutrient_id, consumable_id, value) VALUES (7, 72, 39.61);INSERT INTO consumable_has_nutrient (nutrient_id, consumable_id, value) VALUES (1, 72, 92.58);INSERT INTO consumable_has_nutrient (nutrient_id, consumable_id, value) VALUES (3, 72, 9065.69);INSERT INTO consumable_has_nutrient (nutrient_id, consumable_id, value) VALUES (2, 72, 2719.24);INSERT INTO consumable_has_nutrient (nutrient_id, consumable_id, value) VALUES (1, 73, 553.71);INSERT INTO consumable_has_nutrient (nutrient_id, consumable_id, value) VALUES (2, 73, 35.45);INSERT INTO consumable_has_nutrient (nutrient_id, consumable_id, value) VALUES (9, 74, 1161.12);INSERT INTO consumable_has_nutrient (nutrient_id, consumable_id, value) VALUES (8, 74, 9.94);INSERT INTO consumable_has_nutrient (nutrient_id, consumable_id, value) VALUES (2, 75, 4.79);INSERT INTO consumable_has_nutrient (nutrient_id, consumable_id, value) VALUES (5, 75, 71.33);INSERT INTO consumable_has_nutrient (nutrient_id, consumable_id, value) VALUES (1, 75, 455.84);INSERT INTO consumable_has_nutrient (nutrient_id, consumable_id, value) VALUES (9, 75, 5585.44);INSERT INTO consumable_has_nutrient (nutrient_id, consumable_id, value) VALUES (4, 75, 5003.24);INSERT INTO consumable_has_nutrient (nutrient_id, consumable_id, value) VALUES (3, 76, 890.16);INSERT INTO consumable_has_nutrient (nutrient_id, consumable_id, value) VALUES (2, 76, 338.31);INSERT INTO consumable_has_nutrient (nutrient_id, consumable_id, value) VALUES (6, 76, 287.42);INSERT INTO consumable_has_nutrient (nutrient_id, consumable_id, value) VALUES (4, 77, 7.03);INSERT INTO consumable_has_nutrient (nutrient_id, consumable_id, value) VALUES (1, 78, 81.58);INSERT INTO consumable_has_nutrient (nutrient_id, consumable_id, value) VALUES (2, 78, 2.22);INSERT INTO consumable_has_nutrient (nutrient_id, consumable_id, value) VALUES (3, 78, 60.95);INSERT INTO consumable_has_nutrient (nutrient_id, consumable_id, value) VALUES (7, 79, 69.75);INSERT INTO consumable_has_nutrient (nutrient_id, consumable_id, value) VALUES (4, 79, 8.25);INSERT INTO consumable_has_nutrient (nutrient_id, consumable_id, value) VALUES (9, 79, 26.2);INSERT INTO consumable_has_nutrient (nutrient_id, consumable_id, value) VALUES (8, 79, 510.39);INSERT INTO consumable_has_nutrient (nutrient_id, consumable_id, value) VALUES (5, 79, 69.15);INSERT INTO consumable_has_nutrient (nutrient_id, consumable_id, value) VALUES (1, 80, 7.35);INSERT INTO consumable_has_nutrient (nutrient_id, consumable_id, value) VALUES (2, 81, 2.74);INSERT INTO consumable_has_nutrient (nutrient_id, consumable_id, value) VALUES (8, 82, 80.83);INSERT INTO consumable_has_nutrient (nutrient_id, consumable_id, value) VALUES (3, 83, 50.99);INSERT INTO consumable_has_nutrient (nutrient_id, consumable_id, value) VALUES (9, 83, 4486.74);INSERT INTO consumable_has_nutrient (nutrient_id, consumable_id, value) VALUES (4, 83, 5742.06);INSERT INTO consumable_has_nutrient (nutrient_id, consumable_id, value) VALUES (6, 83, 4096.89);INSERT INTO consumable_has_nutrient (nutrient_id, consumable_id, value) VALUES (7, 83, 49.59);INSERT INTO consumable_has_nutrient (nutrient_id, consumable_id, value) VALUES (1, 84, 904.94);INSERT INTO consumable_has_nutrient (nutrient_id, consumable_id, value) VALUES (5, 84, 0.56);INSERT INTO consumable_has_nutrient (nutrient_id, consumable_id, value) VALUES (2, 84, 96.23);INSERT INTO consumable_has_nutrient (nutrient_id, consumable_id, value) VALUES (3, 85, 4.94);INSERT INTO consumable_has_nutrient (nutrient_id, consumable_id, value) VALUES (4, 85, 953.41);INSERT INTO consumable_has_nutrient (nutrient_id, consumable_id, value) VALUES (8, 85, 474.31);INSERT INTO consumable_has_nutrient (nutrient_id, consumable_id, value) VALUES (1, 85, 2.13);INSERT INTO consumable_has_nutrient (nutrient_id, consumable_id, value) VALUES (5, 85, 376.66);INSERT INTO consumable_has_nutrient (nutrient_id, consumable_id, value) VALUES (8, 86, 98.13);INSERT INTO consumable_has_nutrient (nutrient_id, consumable_id, value) VALUES (4, 86, 9.75);INSERT INTO consumable_has_nutrient (nutrient_id, consumable_id, value) VALUES (3, 86, 3.14);INSERT INTO consumable_has_nutrient (nutrient_id, consumable_id, value) VALUES (5, 86, 572.38);INSERT INTO consumable_has_nutrient (nutrient_id, consumable_id, value) VALUES (4, 87, 24.22);INSERT INTO consumable_has_nutrient (nutrient_id, consumable_id, value) VALUES (6, 87, 0.45);INSERT INTO consumable_has_nutrient (nutrient_id, consumable_id, value) VALUES (1, 88, 20.41);INSERT INTO consumable_has_nutrient (nutrient_id, consumable_id, value) VALUES (1, 89, 91.32);INSERT INTO consumable_has_nutrient (nutrient_id, consumable_id, value) VALUES (7, 89, 845.77);INSERT INTO consumable_has_nutrient (nutrient_id, consumable_id, value) VALUES (6, 89, 666.98);INSERT INTO consumable_has_nutrient (nutrient_id, consumable_id, value) VALUES (4, 89, 7.1);INSERT INTO consumable_has_nutrient (nutrient_id, consumable_id, value) VALUES (9, 89, 5.57);INSERT INTO consumable_has_nutrient (nutrient_id, consumable_id, value) VALUES (8, 90, 98.98);INSERT INTO consumable_has_nutrient (nutrient_id, consumable_id, value) VALUES (3, 90, 6251.14);INSERT INTO consumable_has_nutrient (nutrient_id, consumable_id, value) VALUES (2, 90, 57.91);INSERT INTO consumable_has_nutrient (nutrient_id, consumable_id, value) VALUES (3, 91, 98.21);INSERT INTO consumable_has_nutrient (nutrient_id, consumable_id, value) VALUES (7, 92, 2904.57);INSERT INTO consumable_has_nutrient (nutrient_id, consumable_id, value) VALUES (4, 92, 3682.66);INSERT INTO consumable_has_nutrient (nutrient_id, consumable_id, value) VALUES (8, 92, 7238.09);INSERT INTO consumable_has_nutrient (nutrient_id, consumable_id, value) VALUES (9, 92, 713.19);INSERT INTO consumable_has_nutrient (nutrient_id, consumable_id, value) VALUES (6, 93, 61.59);INSERT INTO consumable_has_nutrient (nutrient_id, consumable_id, value) VALUES (7, 93, 3366.04);INSERT INTO consumable_has_nutrient (nutrient_id, consumable_id, value) VALUES (1, 93, 47.48);INSERT INTO consumable_has_nutrient (nutrient_id, consumable_id, value) VALUES (7, 94, 80.31);INSERT INTO consumable_has_nutrient (nutrient_id, consumable_id, value) VALUES (5, 94, 19.61);INSERT INTO consumable_has_nutrient (nutrient_id, consumable_id, value) VALUES (6, 94, 299.9);INSERT INTO consumable_has_nutrient (nutrient_id, consumable_id, value) VALUES (6, 95, 6227.68);INSERT INTO consumable_has_nutrient (nutrient_id, consumable_id, value) VALUES (5, 96, 3.79);INSERT INTO consumable_has_nutrient (nutrient_id, consumable_id, value) VALUES (1, 97, 7625.44);INSERT INTO consumable_has_nutrient (nutrient_id, consumable_id, value) VALUES (6, 98, 1.76);INSERT INTO consumable_has_nutrient (nutrient_id, consumable_id, value) VALUES (2, 98, 6253.95);INSERT INTO consumable_has_nutrient (nutrient_id, consumable_id, value) VALUES (1, 98, 92.69);INSERT INTO consumable_has_nutrient (nutrient_id, consumable_id, value) VALUES (2, 99, 49.21);INSERT INTO consumable_has_nutrient (nutrient_id, consumable_id, value) VALUES (3, 99, 8.88);INSERT INTO consumable_has_nutrient (nutrient_id, consumable_id, value) VALUES (9, 99, 91.89);INSERT INTO consumable_has_nutrient (nutrient_id, consumable_id, value) VALUES (4, 99, 7.55);INSERT INTO consumable_has_nutrient (nutrient_id, consumable_id, value) VALUES (7, 99, 939.28);